TransactionID,Timestamp,MerchantID
1,2022-01-01 00:00:00,2701
2,2022-01-01 01:00:00,2070
3,2022-01-01 02:00:00,2238
4,2022-01-01 03:00:00,2879
5,2022-01-01 04:00:00,2966
6,2022-01-01 05:00:00,2757
7,2022-01-01 06:00:00,2096
8,2022-01-01 07:00:00,2493
9,2022-01-01 08:00:00,2612
10,2022-01-01 09:00:00,2638
11,2022-01-01 10:00:00,2007
12,2022-01-01 11:00:00,2746
13,2022-01-01 12:00:00,2092
14,2022-01-01 13:00:00,2892
15,2022-01-01 14:00:00,2849
16,2022-01-01 15:00:00,2640
17,2022-01-01 16:00:00,2858
18,2022-01-01 17:00:00,2479
19,2022-01-01 18:00:00,2470
20,2022-01-01 19:00:00,2933
21,2022-01-01 20:00:00,2835
22,2022-01-01 21:00:00,2220
23,2022-01-01 22:00:00,2465
24,2022-01-01 23:00:00,2480
25,2022-01-02 00:00:00,2305
26,2022-01-02 01:00:00,2753
27,2022-01-02 02:00:00,2301
28,2022-01-02 03:00:00,2914
29,2022-01-02 04:00:00,2322
30,2022-01-02 05:00:00,2932
31,2022-01-02 06:00:00,2951
32,2022-01-02 07:00:00,2313
33,2022-01-02 08:00:00,2693
34,2022-01-02 09:00:00,2686
35,2022-01-02 10:00:00,2173
36,2022-01-02 11:00:00,2674
37,2022-01-02 12:00:00,2832
38,2022-01-02 13:00:00,2967
39,2022-01-02 14:00:00,2201
40,2022-01-02 15:00:00,2995
41,2022-01-02 16:00:00,2596
42,2022-01-02 17:00:00,2518
43,2022-01-02 18:00:00,2910
44,2022-01-02 19:00:00,2423
45,2022-01-02 20:00:00,2364
46,2022-01-02 21:00:00,2274
47,2022-01-02 22:00:00,2639
48,2022-01-02 23:00:00,2233
49,2022-01-03 00:00:00,2239
50,2022-01-03 01:00:00,2946
51,2022-01-03 02:00:00,2638
52,2022-01-03 03:00:00,2770
53,2022-01-03 04:00:00,2262
54,2022-01-03 05:00:00,2920
55,2022-01-03 06:00:00,2312
56,2022-01-03 07:00:00,2292
57,2022-01-03 08:00:00,2082
58,2022-01-03 09:00:00,2921
59,2022-01-03 10:00:00,2033
60,2022-01-03 11:00:00,2479
61,2022-01-03 12:00:00,2684
62,2022-01-03 13:00:00,2234
63,2022-01-03 14:00:00,2286
64,2022-01-03 15:00:00,2131
65,2022-01-03 16:00:00,2195
66,2022-01-03 17:00:00,2561
67,2022-01-03 18:00:00,2171
68,2022-01-03 19:00:00,2781
69,2022-01-03 20:00:00,2038
70,2022-01-03 21:00:00,2475
71,2022-01-03 22:00:00,2487
72,2022-01-03 23:00:00,2495
73,2022-01-04 00:00:00,2200
74,2022-01-04 01:00:00,2296
75,2022-01-04 02:00:00,2872
76,2022-01-04 03:00:00,2036
77,2022-01-04 04:00:00,2753
78,2022-01-04 05:00:00,2116
79,2022-01-04 06:00:00,2203
80,2022-01-04 07:00:00,2083
81,2022-01-04 08:00:00,2552
82,2022-01-04 09:00:00,2282
83,2022-01-04 10:00:00,2610
84,2022-01-04 11:00:00,2901
85,2022-01-04 12:00:00,2323
86,2022-01-04 13:00:00,2534
87,2022-01-04 14:00:00,2586
88,2022-01-04 15:00:00,2882
89,2022-01-04 16:00:00,2055
90,2022-01-04 17:00:00,2622
91,2022-01-04 18:00:00,2140
92,2022-01-04 19:00:00,2010
93,2022-01-04 20:00:00,2111
94,2022-01-04 21:00:00,2680
95,2022-01-04 22:00:00,2600
96,2022-01-04 23:00:00,2054
97,2022-01-05 00:00:00,2432
98,2022-01-05 01:00:00,2346
99,2022-01-05 02:00:00,2299
100,2022-01-05 03:00:00,2027
101,2022-01-05 04:00:00,2433
102,2022-01-05 05:00:00,2736
103,2022-01-05 06:00:00,2744
104,2022-01-05 07:00:00,2433
105,2022-01-05 08:00:00,2453
106,2022-01-05 09:00:00,2154
107,2022-01-05 10:00:00,2908
108,2022-01-05 11:00:00,2967
109,2022-01-05 12:00:00,2508
110,2022-01-05 13:00:00,2580
111,2022-01-05 14:00:00,2570
112,2022-01-05 15:00:00,2493
113,2022-01-05 16:00:00,2628
114,2022-01-05 17:00:00,2240
115,2022-01-05 18:00:00,2941
116,2022-01-05 19:00:00,2507
117,2022-01-05 20:00:00,2128
118,2022-01-05 21:00:00,2428
119,2022-01-05 22:00:00,2572
120,2022-01-05 23:00:00,2304
121,2022-01-06 00:00:00,2794
122,2022-01-06 01:00:00,2846
123,2022-01-06 02:00:00,2169
124,2022-01-06 03:00:00,2948
125,2022-01-06 04:00:00,2148
126,2022-01-06 05:00:00,2226
127,2022-01-06 06:00:00,2390
128,2022-01-06 07:00:00,2637
129,2022-01-06 08:00:00,2461
130,2022-01-06 09:00:00,2928
131,2022-01-06 10:00:00,2901
132,2022-01-06 11:00:00,2588
133,2022-01-06 12:00:00,2717
134,2022-01-06 13:00:00,2511
135,2022-01-06 14:00:00,2077
136,2022-01-06 15:00:00,2921
137,2022-01-06 16:00:00,2639
138,2022-01-06 17:00:00,2548
139,2022-01-06 18:00:00,2338
140,2022-01-06 19:00:00,2180
141,2022-01-06 20:00:00,2209
142,2022-01-06 21:00:00,2919
143,2022-01-06 22:00:00,2573
144,2022-01-06 23:00:00,2954
145,2022-01-07 00:00:00,2936
146,2022-01-07 01:00:00,2011
147,2022-01-07 02:00:00,2504
148,2022-01-07 03:00:00,2369
149,2022-01-07 04:00:00,2751
150,2022-01-07 05:00:00,2684
151,2022-01-07 06:00:00,2920
152,2022-01-07 07:00:00,2953
153,2022-01-07 08:00:00,2514
154,2022-01-07 09:00:00,2480
155,2022-01-07 10:00:00,2598
156,2022-01-07 11:00:00,2245
157,2022-01-07 12:00:00,2068
158,2022-01-07 13:00:00,2454
159,2022-01-07 14:00:00,2225
160,2022-01-07 15:00:00,2783
161,2022-01-07 16:00:00,2752
162,2022-01-07 17:00:00,2583
163,2022-01-07 18:00:00,2370
164,2022-01-07 19:00:00,2025
165,2022-01-07 20:00:00,2998
166,2022-01-07 21:00:00,2081
167,2022-01-07 22:00:00,2229
168,2022-01-07 23:00:00,2711
169,2022-01-08 00:00:00,2853
170,2022-01-08 01:00:00,2514
171,2022-01-08 02:00:00,2201
172,2022-01-08 03:00:00,2818
173,2022-01-08 04:00:00,2200
174,2022-01-08 05:00:00,2898
175,2022-01-08 06:00:00,2298
176,2022-01-08 07:00:00,2144
177,2022-01-08 08:00:00,2372
178,2022-01-08 09:00:00,2196
179,2022-01-08 10:00:00,2981
180,2022-01-08 11:00:00,2229
181,2022-01-08 12:00:00,2078
182,2022-01-08 13:00:00,2220
183,2022-01-08 14:00:00,2671
184,2022-01-08 15:00:00,2507
185,2022-01-08 16:00:00,2166
186,2022-01-08 17:00:00,2528
187,2022-01-08 18:00:00,2366
188,2022-01-08 19:00:00,2348
189,2022-01-08 20:00:00,2163
190,2022-01-08 21:00:00,2778
191,2022-01-08 22:00:00,2360
192,2022-01-08 23:00:00,2940
193,2022-01-09 00:00:00,2926
194,2022-01-09 01:00:00,2176
195,2022-01-09 02:00:00,2901
196,2022-01-09 03:00:00,2208
197,2022-01-09 04:00:00,2125
198,2022-01-09 05:00:00,2162
199,2022-01-09 06:00:00,2679
200,2022-01-09 07:00:00,2900
201,2022-01-09 08:00:00,2382
202,2022-01-09 09:00:00,2802
203,2022-01-09 10:00:00,2789
204,2022-01-09 11:00:00,2856
205,2022-01-09 12:00:00,2618
206,2022-01-09 13:00:00,2493
207,2022-01-09 14:00:00,2713
208,2022-01-09 15:00:00,2478
209,2022-01-09 16:00:00,2405
210,2022-01-09 17:00:00,2332
211,2022-01-09 18:00:00,2989
212,2022-01-09 19:00:00,2828
213,2022-01-09 20:00:00,2065
214,2022-01-09 21:00:00,2536
215,2022-01-09 22:00:00,2225
216,2022-01-09 23:00:00,2533
217,2022-01-10 00:00:00,2023
218,2022-01-10 01:00:00,2884
219,2022-01-10 02:00:00,2388
220,2022-01-10 03:00:00,2338
221,2022-01-10 04:00:00,2094
222,2022-01-10 05:00:00,2206
223,2022-01-10 06:00:00,2334
224,2022-01-10 07:00:00,2893
225,2022-01-10 08:00:00,2979
226,2022-01-10 09:00:00,2539
227,2022-01-10 10:00:00,2776
228,2022-01-10 11:00:00,2962
229,2022-01-10 12:00:00,2687
230,2022-01-10 13:00:00,2473
231,2022-01-10 14:00:00,2577
232,2022-01-10 15:00:00,2559
233,2022-01-10 16:00:00,2787
234,2022-01-10 17:00:00,2851
235,2022-01-10 18:00:00,2949
236,2022-01-10 19:00:00,2789
237,2022-01-10 20:00:00,2442
238,2022-01-10 21:00:00,2231
239,2022-01-10 22:00:00,2442
240,2022-01-10 23:00:00,2282
241,2022-01-11 00:00:00,2373
242,2022-01-11 01:00:00,2702
243,2022-01-11 02:00:00,2451
244,2022-01-11 03:00:00,2789
245,2022-01-11 04:00:00,2872
246,2022-01-11 05:00:00,2552
247,2022-01-11 06:00:00,2118
248,2022-01-11 07:00:00,2408
249,2022-01-11 08:00:00,2677
250,2022-01-11 09:00:00,2040
251,2022-01-11 10:00:00,2007
252,2022-01-11 11:00:00,2120
253,2022-01-11 12:00:00,2033
254,2022-01-11 13:00:00,2764
255,2022-01-11 14:00:00,2903
256,2022-01-11 15:00:00,2242
257,2022-01-11 16:00:00,2627
258,2022-01-11 17:00:00,2266
259,2022-01-11 18:00:00,2298
260,2022-01-11 19:00:00,2228
261,2022-01-11 20:00:00,2911
262,2022-01-11 21:00:00,2005
263,2022-01-11 22:00:00,2509
264,2022-01-11 23:00:00,2104
265,2022-01-12 00:00:00,2055
266,2022-01-12 01:00:00,2120
267,2022-01-12 02:00:00,2088
268,2022-01-12 03:00:00,2681
269,2022-01-12 04:00:00,2023
270,2022-01-12 05:00:00,2228
271,2022-01-12 06:00:00,2611
272,2022-01-12 07:00:00,2241
273,2022-01-12 08:00:00,2779
274,2022-01-12 09:00:00,2262
275,2022-01-12 10:00:00,2705
276,2022-01-12 11:00:00,2397
277,2022-01-12 12:00:00,2721
278,2022-01-12 13:00:00,2510
279,2022-01-12 14:00:00,2491
280,2022-01-12 15:00:00,2553
281,2022-01-12 16:00:00,2714
282,2022-01-12 17:00:00,2713
283,2022-01-12 18:00:00,2083
284,2022-01-12 19:00:00,2223
285,2022-01-12 20:00:00,2886
286,2022-01-12 21:00:00,2287
287,2022-01-12 22:00:00,2328
288,2022-01-12 23:00:00,2808
289,2022-01-13 00:00:00,2492
290,2022-01-13 01:00:00,2039
291,2022-01-13 02:00:00,2746
292,2022-01-13 03:00:00,2754
293,2022-01-13 04:00:00,2038
294,2022-01-13 05:00:00,2253
295,2022-01-13 06:00:00,2013
296,2022-01-13 07:00:00,2680
297,2022-01-13 08:00:00,2069
298,2022-01-13 09:00:00,2745
299,2022-01-13 10:00:00,2243
300,2022-01-13 11:00:00,2960
301,2022-01-13 12:00:00,2616
302,2022-01-13 13:00:00,2869
303,2022-01-13 14:00:00,2703
304,2022-01-13 15:00:00,2280
305,2022-01-13 16:00:00,2020
306,2022-01-13 17:00:00,2265
307,2022-01-13 18:00:00,2239
308,2022-01-13 19:00:00,2020
309,2022-01-13 20:00:00,2401
310,2022-01-13 21:00:00,2469
311,2022-01-13 22:00:00,2864
312,2022-01-13 23:00:00,2195
313,2022-01-14 00:00:00,2479
314,2022-01-14 01:00:00,2354
315,2022-01-14 02:00:00,2506
316,2022-01-14 03:00:00,2285
317,2022-01-14 04:00:00,2771
318,2022-01-14 05:00:00,2335
319,2022-01-14 06:00:00,2787
320,2022-01-14 07:00:00,2261
321,2022-01-14 08:00:00,2142
322,2022-01-14 09:00:00,2894
323,2022-01-14 10:00:00,2419
324,2022-01-14 11:00:00,2375
325,2022-01-14 12:00:00,2920
326,2022-01-14 13:00:00,2801
327,2022-01-14 14:00:00,2679
328,2022-01-14 15:00:00,2606
329,2022-01-14 16:00:00,2182
330,2022-01-14 17:00:00,2838
331,2022-01-14 18:00:00,2567
332,2022-01-14 19:00:00,2217
333,2022-01-14 20:00:00,2211
334,2022-01-14 21:00:00,2474
335,2022-01-14 22:00:00,2919
336,2022-01-14 23:00:00,2899
337,2022-01-15 00:00:00,2169
338,2022-01-15 01:00:00,2346
339,2022-01-15 02:00:00,2081
340,2022-01-15 03:00:00,2089
341,2022-01-15 04:00:00,2215
342,2022-01-15 05:00:00,2847
343,2022-01-15 06:00:00,2235
344,2022-01-15 07:00:00,2238
345,2022-01-15 08:00:00,2363
346,2022-01-15 09:00:00,2571
347,2022-01-15 10:00:00,2382
348,2022-01-15 11:00:00,2371
349,2022-01-15 12:00:00,2813
350,2022-01-15 13:00:00,2836
351,2022-01-15 14:00:00,2697
352,2022-01-15 15:00:00,2762
353,2022-01-15 16:00:00,2051
354,2022-01-15 17:00:00,2208
355,2022-01-15 18:00:00,2661
356,2022-01-15 19:00:00,2862
357,2022-01-15 20:00:00,2429
358,2022-01-15 21:00:00,2897
359,2022-01-15 22:00:00,2859
360,2022-01-15 23:00:00,2534
361,2022-01-16 00:00:00,2094
362,2022-01-16 01:00:00,2271
363,2022-01-16 02:00:00,2287
364,2022-01-16 03:00:00,2929
365,2022-01-16 04:00:00,2103
366,2022-01-16 05:00:00,2597
367,2022-01-16 06:00:00,2279
368,2022-01-16 07:00:00,2221
369,2022-01-16 08:00:00,2533
370,2022-01-16 09:00:00,2562
371,2022-01-16 10:00:00,2262
372,2022-01-16 11:00:00,2193
373,2022-01-16 12:00:00,2923
374,2022-01-16 13:00:00,2978
375,2022-01-16 14:00:00,2497
376,2022-01-16 15:00:00,2645
377,2022-01-16 16:00:00,2175
378,2022-01-16 17:00:00,2477
379,2022-01-16 18:00:00,2412
380,2022-01-16 19:00:00,2617
381,2022-01-16 20:00:00,2767
382,2022-01-16 21:00:00,2941
383,2022-01-16 22:00:00,2862
384,2022-01-16 23:00:00,2635
385,2022-01-17 00:00:00,2265
386,2022-01-17 01:00:00,2814
387,2022-01-17 02:00:00,2188
388,2022-01-17 03:00:00,2817
389,2022-01-17 04:00:00,2399
390,2022-01-17 05:00:00,2548
391,2022-01-17 06:00:00,2781
392,2022-01-17 07:00:00,2694
393,2022-01-17 08:00:00,2479
394,2022-01-17 09:00:00,2778
395,2022-01-17 10:00:00,2370
396,2022-01-17 11:00:00,2942
397,2022-01-17 12:00:00,2880
398,2022-01-17 13:00:00,2907
399,2022-01-17 14:00:00,2359
400,2022-01-17 15:00:00,2329
401,2022-01-17 16:00:00,2933
402,2022-01-17 17:00:00,2968
403,2022-01-17 18:00:00,2955
404,2022-01-17 19:00:00,2755
405,2022-01-17 20:00:00,2773
406,2022-01-17 21:00:00,2449
407,2022-01-17 22:00:00,2049
408,2022-01-17 23:00:00,2288
409,2022-01-18 00:00:00,2592
410,2022-01-18 01:00:00,2974
411,2022-01-18 02:00:00,2620
412,2022-01-18 03:00:00,2703
413,2022-01-18 04:00:00,2079
414,2022-01-18 05:00:00,2564
415,2022-01-18 06:00:00,2272
416,2022-01-18 07:00:00,2028
417,2022-01-18 08:00:00,2638
418,2022-01-18 09:00:00,2994
419,2022-01-18 10:00:00,2356
420,2022-01-18 11:00:00,2997
421,2022-01-18 12:00:00,2476
422,2022-01-18 13:00:00,2547
423,2022-01-18 14:00:00,2533
424,2022-01-18 15:00:00,2708
425,2022-01-18 16:00:00,2325
426,2022-01-18 17:00:00,2138
427,2022-01-18 18:00:00,2644
428,2022-01-18 19:00:00,2369
429,2022-01-18 20:00:00,2797
430,2022-01-18 21:00:00,2004
431,2022-01-18 22:00:00,2099
432,2022-01-18 23:00:00,2635
433,2022-01-19 00:00:00,2286
434,2022-01-19 01:00:00,2362
435,2022-01-19 02:00:00,2360
436,2022-01-19 03:00:00,2784
437,2022-01-19 04:00:00,2888
438,2022-01-19 05:00:00,2675
439,2022-01-19 06:00:00,2113
440,2022-01-19 07:00:00,2760
441,2022-01-19 08:00:00,2204
442,2022-01-19 09:00:00,2398
443,2022-01-19 10:00:00,2275
444,2022-01-19 11:00:00,2539
445,2022-01-19 12:00:00,2717
446,2022-01-19 13:00:00,2706
447,2022-01-19 14:00:00,2409
448,2022-01-19 15:00:00,2079
449,2022-01-19 16:00:00,2597
450,2022-01-19 17:00:00,2184
451,2022-01-19 18:00:00,2324
452,2022-01-19 19:00:00,2826
453,2022-01-19 20:00:00,2893
454,2022-01-19 21:00:00,2371
455,2022-01-19 22:00:00,2981
456,2022-01-19 23:00:00,2645
457,2022-01-20 00:00:00,2060
458,2022-01-20 01:00:00,2625
459,2022-01-20 02:00:00,2850
460,2022-01-20 03:00:00,2019
461,2022-01-20 04:00:00,2374
462,2022-01-20 05:00:00,2630
463,2022-01-20 06:00:00,2984
464,2022-01-20 07:00:00,2225
465,2022-01-20 08:00:00,2380
466,2022-01-20 09:00:00,2178
467,2022-01-20 10:00:00,2533
468,2022-01-20 11:00:00,2468
469,2022-01-20 12:00:00,2544
470,2022-01-20 13:00:00,2875
471,2022-01-20 14:00:00,2629
472,2022-01-20 15:00:00,2323
473,2022-01-20 16:00:00,2874
474,2022-01-20 17:00:00,2519
475,2022-01-20 18:00:00,2672
476,2022-01-20 19:00:00,2976
477,2022-01-20 20:00:00,2711
478,2022-01-20 21:00:00,2154
479,2022-01-20 22:00:00,2597
480,2022-01-20 23:00:00,2165
481,2022-01-21 00:00:00,2355
482,2022-01-21 01:00:00,2584
483,2022-01-21 02:00:00,2766
484,2022-01-21 03:00:00,2136
485,2022-01-21 04:00:00,2111
486,2022-01-21 05:00:00,2730
487,2022-01-21 06:00:00,2663
488,2022-01-21 07:00:00,2465
489,2022-01-21 08:00:00,2261
490,2022-01-21 09:00:00,2922
491,2022-01-21 10:00:00,2866
492,2022-01-21 11:00:00,2616
493,2022-01-21 12:00:00,2837
494,2022-01-21 13:00:00,2901
495,2022-01-21 14:00:00,2397
496,2022-01-21 15:00:00,2164
497,2022-01-21 16:00:00,2785
498,2022-01-21 17:00:00,2583
499,2022-01-21 18:00:00,2733
500,2022-01-21 19:00:00,2187
501,2022-01-21 20:00:00,2904
502,2022-01-21 21:00:00,2080
503,2022-01-21 22:00:00,2127
504,2022-01-21 23:00:00,2128
505,2022-01-22 00:00:00,2984
506,2022-01-22 01:00:00,2857
507,2022-01-22 02:00:00,2991
508,2022-01-22 03:00:00,2772
509,2022-01-22 04:00:00,2208
510,2022-01-22 05:00:00,2315
511,2022-01-22 06:00:00,2007
512,2022-01-22 07:00:00,2096
513,2022-01-22 08:00:00,2867
514,2022-01-22 09:00:00,2841
515,2022-01-22 10:00:00,2268
516,2022-01-22 11:00:00,2352
517,2022-01-22 12:00:00,2372
518,2022-01-22 13:00:00,2444
519,2022-01-22 14:00:00,2038
520,2022-01-22 15:00:00,2933
521,2022-01-22 16:00:00,2415
522,2022-01-22 17:00:00,2705
523,2022-01-22 18:00:00,2090
524,2022-01-22 19:00:00,2101
525,2022-01-22 20:00:00,2954
526,2022-01-22 21:00:00,2066
527,2022-01-22 22:00:00,2670
528,2022-01-22 23:00:00,2200
529,2022-01-23 00:00:00,2833
530,2022-01-23 01:00:00,2203
531,2022-01-23 02:00:00,2255
532,2022-01-23 03:00:00,2359
533,2022-01-23 04:00:00,2660
534,2022-01-23 05:00:00,2489
535,2022-01-23 06:00:00,2499
536,2022-01-23 07:00:00,2538
537,2022-01-23 08:00:00,2553
538,2022-01-23 09:00:00,2308
539,2022-01-23 10:00:00,2830
540,2022-01-23 11:00:00,2684
541,2022-01-23 12:00:00,2934
542,2022-01-23 13:00:00,2657
543,2022-01-23 14:00:00,2379
544,2022-01-23 15:00:00,2643
545,2022-01-23 16:00:00,2264
546,2022-01-23 17:00:00,2784
547,2022-01-23 18:00:00,2365
548,2022-01-23 19:00:00,2515
549,2022-01-23 20:00:00,2028
550,2022-01-23 21:00:00,2329
551,2022-01-23 22:00:00,2823
552,2022-01-23 23:00:00,2325
553,2022-01-24 00:00:00,2126
554,2022-01-24 01:00:00,2309
555,2022-01-24 02:00:00,2140
556,2022-01-24 03:00:00,2730
557,2022-01-24 04:00:00,2301
558,2022-01-24 05:00:00,2743
559,2022-01-24 06:00:00,2570
560,2022-01-24 07:00:00,2283
561,2022-01-24 08:00:00,2791
562,2022-01-24 09:00:00,2501
563,2022-01-24 10:00:00,2123
564,2022-01-24 11:00:00,2879
565,2022-01-24 12:00:00,2212
566,2022-01-24 13:00:00,2559
567,2022-01-24 14:00:00,2444
568,2022-01-24 15:00:00,2112
569,2022-01-24 16:00:00,2922
570,2022-01-24 17:00:00,2129
571,2022-01-24 18:00:00,2739
572,2022-01-24 19:00:00,2008
573,2022-01-24 20:00:00,2227
574,2022-01-24 21:00:00,2970
575,2022-01-24 22:00:00,2380
576,2022-01-24 23:00:00,2736
577,2022-01-25 00:00:00,2601
578,2022-01-25 01:00:00,2748
579,2022-01-25 02:00:00,2783
580,2022-01-25 03:00:00,2885
581,2022-01-25 04:00:00,2471
582,2022-01-25 05:00:00,2707
583,2022-01-25 06:00:00,2734
584,2022-01-25 07:00:00,2641
585,2022-01-25 08:00:00,2362
586,2022-01-25 09:00:00,2700
587,2022-01-25 10:00:00,2881
588,2022-01-25 11:00:00,2142
589,2022-01-25 12:00:00,2749
590,2022-01-25 13:00:00,2460
591,2022-01-25 14:00:00,2709
592,2022-01-25 15:00:00,2256
593,2022-01-25 16:00:00,2091
594,2022-01-25 17:00:00,2176
595,2022-01-25 18:00:00,2387
596,2022-01-25 19:00:00,2444
597,2022-01-25 20:00:00,2486
598,2022-01-25 21:00:00,2979
599,2022-01-25 22:00:00,2191
600,2022-01-25 23:00:00,2131
601,2022-01-26 00:00:00,2489
602,2022-01-26 01:00:00,2383
603,2022-01-26 02:00:00,2677
604,2022-01-26 03:00:00,2175
605,2022-01-26 04:00:00,2023
606,2022-01-26 05:00:00,2637
607,2022-01-26 06:00:00,2365
608,2022-01-26 07:00:00,2224
609,2022-01-26 08:00:00,2922
610,2022-01-26 09:00:00,2146
611,2022-01-26 10:00:00,2220
612,2022-01-26 11:00:00,2884
613,2022-01-26 12:00:00,2184
614,2022-01-26 13:00:00,2094
615,2022-01-26 14:00:00,2215
616,2022-01-26 15:00:00,2951
617,2022-01-26 16:00:00,2491
618,2022-01-26 17:00:00,2668
619,2022-01-26 18:00:00,2598
620,2022-01-26 19:00:00,2856
621,2022-01-26 20:00:00,2557
622,2022-01-26 21:00:00,2655
623,2022-01-26 22:00:00,2004
624,2022-01-26 23:00:00,2932
625,2022-01-27 00:00:00,2051
626,2022-01-27 01:00:00,2196
627,2022-01-27 02:00:00,2292
628,2022-01-27 03:00:00,2211
629,2022-01-27 04:00:00,2265
630,2022-01-27 05:00:00,2115
631,2022-01-27 06:00:00,2303
632,2022-01-27 07:00:00,2941
633,2022-01-27 08:00:00,2961
634,2022-01-27 09:00:00,2332
635,2022-01-27 10:00:00,2197
636,2022-01-27 11:00:00,2391
637,2022-01-27 12:00:00,2253
638,2022-01-27 13:00:00,2779
639,2022-01-27 14:00:00,2183
640,2022-01-27 15:00:00,2376
641,2022-01-27 16:00:00,2496
642,2022-01-27 17:00:00,2543
643,2022-01-27 18:00:00,2575
644,2022-01-27 19:00:00,2529
645,2022-01-27 20:00:00,2014
646,2022-01-27 21:00:00,2317
647,2022-01-27 22:00:00,2080
648,2022-01-27 23:00:00,2112
649,2022-01-28 00:00:00,2439
650,2022-01-28 01:00:00,2813
651,2022-01-28 02:00:00,2770
652,2022-01-28 03:00:00,2217
653,2022-01-28 04:00:00,2936
654,2022-01-28 05:00:00,2134
655,2022-01-28 06:00:00,2713
656,2022-01-28 07:00:00,2931
657,2022-01-28 08:00:00,2526
658,2022-01-28 09:00:00,2022
659,2022-01-28 10:00:00,2438
660,2022-01-28 11:00:00,2832
661,2022-01-28 12:00:00,2562
662,2022-01-28 13:00:00,2385
663,2022-01-28 14:00:00,2394
664,2022-01-28 15:00:00,2840
665,2022-01-28 16:00:00,2283
666,2022-01-28 17:00:00,2918
667,2022-01-28 18:00:00,2293
668,2022-01-28 19:00:00,2695
669,2022-01-28 20:00:00,2433
670,2022-01-28 21:00:00,2602
671,2022-01-28 22:00:00,2984
672,2022-01-28 23:00:00,2240
673,2022-01-29 00:00:00,2777
674,2022-01-29 01:00:00,2529
675,2022-01-29 02:00:00,2511
676,2022-01-29 03:00:00,2501
677,2022-01-29 04:00:00,2678
678,2022-01-29 05:00:00,2882
679,2022-01-29 06:00:00,2540
680,2022-01-29 07:00:00,2441
681,2022-01-29 08:00:00,2276
682,2022-01-29 09:00:00,2272
683,2022-01-29 10:00:00,2591
684,2022-01-29 11:00:00,2806
685,2022-01-29 12:00:00,2862
686,2022-01-29 13:00:00,2520
687,2022-01-29 14:00:00,2915
688,2022-01-29 15:00:00,2637
689,2022-01-29 16:00:00,2444
690,2022-01-29 17:00:00,2755
691,2022-01-29 18:00:00,2886
692,2022-01-29 19:00:00,2992
693,2022-01-29 20:00:00,2328
694,2022-01-29 21:00:00,2486
695,2022-01-29 22:00:00,2097
696,2022-01-29 23:00:00,2177
697,2022-01-30 00:00:00,2464
698,2022-01-30 01:00:00,2474
699,2022-01-30 02:00:00,2468
700,2022-01-30 03:00:00,2943
701,2022-01-30 04:00:00,2489
702,2022-01-30 05:00:00,2591
703,2022-01-30 06:00:00,2631
704,2022-01-30 07:00:00,2325
705,2022-01-30 08:00:00,2253
706,2022-01-30 09:00:00,2059
707,2022-01-30 10:00:00,2768
708,2022-01-30 11:00:00,2709
709,2022-01-30 12:00:00,2822
710,2022-01-30 13:00:00,2363
711,2022-01-30 14:00:00,2016
712,2022-01-30 15:00:00,2850
713,2022-01-30 16:00:00,2592
714,2022-01-30 17:00:00,2281
715,2022-01-30 18:00:00,2379
716,2022-01-30 19:00:00,2400
717,2022-01-30 20:00:00,2722
718,2022-01-30 21:00:00,2048
719,2022-01-30 22:00:00,2673
720,2022-01-30 23:00:00,2821
721,2022-01-31 00:00:00,2631
722,2022-01-31 01:00:00,2163
723,2022-01-31 02:00:00,2127
724,2022-01-31 03:00:00,2685
725,2022-01-31 04:00:00,2820
726,2022-01-31 05:00:00,2251
727,2022-01-31 06:00:00,2815
728,2022-01-31 07:00:00,2963
729,2022-01-31 08:00:00,2464
730,2022-01-31 09:00:00,2881
731,2022-01-31 10:00:00,2560
732,2022-01-31 11:00:00,2045
733,2022-01-31 12:00:00,2555
734,2022-01-31 13:00:00,2879
735,2022-01-31 14:00:00,2086
736,2022-01-31 15:00:00,2624
737,2022-01-31 16:00:00,2503
738,2022-01-31 17:00:00,2390
739,2022-01-31 18:00:00,2802
740,2022-01-31 19:00:00,2086
741,2022-01-31 20:00:00,2066
742,2022-01-31 21:00:00,2971
743,2022-01-31 22:00:00,2803
744,2022-01-31 23:00:00,2421
745,2022-02-01 00:00:00,2775
746,2022-02-01 01:00:00,2843
747,2022-02-01 02:00:00,2070
748,2022-02-01 03:00:00,2285
749,2022-02-01 04:00:00,2736
750,2022-02-01 05:00:00,2463
751,2022-02-01 06:00:00,2897
752,2022-02-01 07:00:00,2753
753,2022-02-01 08:00:00,2638
754,2022-02-01 09:00:00,2889
755,2022-02-01 10:00:00,2652
756,2022-02-01 11:00:00,2012
757,2022-02-01 12:00:00,2500
758,2022-02-01 13:00:00,2621
759,2022-02-01 14:00:00,2500
760,2022-02-01 15:00:00,2968
761,2022-02-01 16:00:00,2726
762,2022-02-01 17:00:00,2130
763,2022-02-01 18:00:00,2420
764,2022-02-01 19:00:00,2440
765,2022-02-01 20:00:00,2276
766,2022-02-01 21:00:00,2270
767,2022-02-01 22:00:00,2658
768,2022-02-01 23:00:00,2239
769,2022-02-02 00:00:00,2651
770,2022-02-02 01:00:00,2834
771,2022-02-02 02:00:00,2865
772,2022-02-02 03:00:00,2997
773,2022-02-02 04:00:00,2636
774,2022-02-02 05:00:00,2842
775,2022-02-02 06:00:00,2914
776,2022-02-02 07:00:00,2658
777,2022-02-02 08:00:00,2959
778,2022-02-02 09:00:00,2635
779,2022-02-02 10:00:00,2780
780,2022-02-02 11:00:00,2825
781,2022-02-02 12:00:00,2155
782,2022-02-02 13:00:00,2307
783,2022-02-02 14:00:00,2112
784,2022-02-02 15:00:00,2774
785,2022-02-02 16:00:00,2289
786,2022-02-02 17:00:00,2553
787,2022-02-02 18:00:00,2627
788,2022-02-02 19:00:00,2235
789,2022-02-02 20:00:00,2154
790,2022-02-02 21:00:00,2081
791,2022-02-02 22:00:00,2309
792,2022-02-02 23:00:00,2173
793,2022-02-03 00:00:00,2152
794,2022-02-03 01:00:00,2057
795,2022-02-03 02:00:00,2347
796,2022-02-03 03:00:00,2256
797,2022-02-03 04:00:00,2761
798,2022-02-03 05:00:00,2932
799,2022-02-03 06:00:00,2440
800,2022-02-03 07:00:00,2530
801,2022-02-03 08:00:00,2446
802,2022-02-03 09:00:00,2752
803,2022-02-03 10:00:00,2648
804,2022-02-03 11:00:00,2643
805,2022-02-03 12:00:00,2843
806,2022-02-03 13:00:00,2037
807,2022-02-03 14:00:00,2929
808,2022-02-03 15:00:00,2767
809,2022-02-03 16:00:00,2466
810,2022-02-03 17:00:00,2227
811,2022-02-03 18:00:00,2624
812,2022-02-03 19:00:00,2844
813,2022-02-03 20:00:00,2831
814,2022-02-03 21:00:00,2490
815,2022-02-03 22:00:00,2202
816,2022-02-03 23:00:00,2001
817,2022-02-04 00:00:00,2570
818,2022-02-04 01:00:00,2194
819,2022-02-04 02:00:00,2235
820,2022-02-04 03:00:00,2128
821,2022-02-04 04:00:00,2827
822,2022-02-04 05:00:00,2277
823,2022-02-04 06:00:00,2013
824,2022-02-04 07:00:00,2687
825,2022-02-04 08:00:00,2590
826,2022-02-04 09:00:00,2227
827,2022-02-04 10:00:00,2955
828,2022-02-04 11:00:00,2075
829,2022-02-04 12:00:00,2524
830,2022-02-04 13:00:00,2992
831,2022-02-04 14:00:00,2629
832,2022-02-04 15:00:00,2819
833,2022-02-04 16:00:00,2269
834,2022-02-04 17:00:00,2154
835,2022-02-04 18:00:00,2993
836,2022-02-04 19:00:00,2869
837,2022-02-04 20:00:00,2974
838,2022-02-04 21:00:00,2982
839,2022-02-04 22:00:00,2889
840,2022-02-04 23:00:00,2057
841,2022-02-05 00:00:00,2539
842,2022-02-05 01:00:00,2935
843,2022-02-05 02:00:00,2851
844,2022-02-05 03:00:00,2810
845,2022-02-05 04:00:00,2826
846,2022-02-05 05:00:00,2112
847,2022-02-05 06:00:00,2597
848,2022-02-05 07:00:00,2288
849,2022-02-05 08:00:00,2370
850,2022-02-05 09:00:00,2850
851,2022-02-05 10:00:00,2395
852,2022-02-05 11:00:00,2406
853,2022-02-05 12:00:00,2295
854,2022-02-05 13:00:00,2484
855,2022-02-05 14:00:00,2892
856,2022-02-05 15:00:00,2811
857,2022-02-05 16:00:00,2294
858,2022-02-05 17:00:00,2558
859,2022-02-05 18:00:00,2407
860,2022-02-05 19:00:00,2408
861,2022-02-05 20:00:00,2015
862,2022-02-05 21:00:00,2077
863,2022-02-05 22:00:00,2124
864,2022-02-05 23:00:00,2137
865,2022-02-06 00:00:00,2163
866,2022-02-06 01:00:00,2395
867,2022-02-06 02:00:00,2160
868,2022-02-06 03:00:00,2712
869,2022-02-06 04:00:00,2252
870,2022-02-06 05:00:00,2302
871,2022-02-06 06:00:00,2875
872,2022-02-06 07:00:00,2451
873,2022-02-06 08:00:00,2859
874,2022-02-06 09:00:00,2116
875,2022-02-06 10:00:00,2919
876,2022-02-06 11:00:00,2172
877,2022-02-06 12:00:00,2497
878,2022-02-06 13:00:00,2024
879,2022-02-06 14:00:00,2034
880,2022-02-06 15:00:00,2116
881,2022-02-06 16:00:00,2241
882,2022-02-06 17:00:00,2379
883,2022-02-06 18:00:00,2050
884,2022-02-06 19:00:00,2738
885,2022-02-06 20:00:00,2200
886,2022-02-06 21:00:00,2831
887,2022-02-06 22:00:00,2813
888,2022-02-06 23:00:00,2938
889,2022-02-07 00:00:00,2631
890,2022-02-07 01:00:00,2660
891,2022-02-07 02:00:00,2586
892,2022-02-07 03:00:00,2845
893,2022-02-07 04:00:00,2655
894,2022-02-07 05:00:00,2633
895,2022-02-07 06:00:00,2149
896,2022-02-07 07:00:00,2304
897,2022-02-07 08:00:00,2844
898,2022-02-07 09:00:00,2104
899,2022-02-07 10:00:00,2296
900,2022-02-07 11:00:00,2094
901,2022-02-07 12:00:00,2639
902,2022-02-07 13:00:00,2240
903,2022-02-07 14:00:00,2902
904,2022-02-07 15:00:00,2983
905,2022-02-07 16:00:00,2239
906,2022-02-07 17:00:00,2081
907,2022-02-07 18:00:00,2631
908,2022-02-07 19:00:00,2850
909,2022-02-07 20:00:00,2694
910,2022-02-07 21:00:00,2007
911,2022-02-07 22:00:00,2801
912,2022-02-07 23:00:00,2044
913,2022-02-08 00:00:00,2895
914,2022-02-08 01:00:00,2701
915,2022-02-08 02:00:00,2957
916,2022-02-08 03:00:00,2521
917,2022-02-08 04:00:00,2687
918,2022-02-08 05:00:00,2423
919,2022-02-08 06:00:00,2301
920,2022-02-08 07:00:00,2772
921,2022-02-08 08:00:00,2111
922,2022-02-08 09:00:00,2714
923,2022-02-08 10:00:00,2734
924,2022-02-08 11:00:00,2522
925,2022-02-08 12:00:00,2841
926,2022-02-08 13:00:00,2353
927,2022-02-08 14:00:00,2544
928,2022-02-08 15:00:00,2517
929,2022-02-08 16:00:00,2960
930,2022-02-08 17:00:00,2441
931,2022-02-08 18:00:00,2772
932,2022-02-08 19:00:00,2504
933,2022-02-08 20:00:00,2414
934,2022-02-08 21:00:00,2315
935,2022-02-08 22:00:00,2499
936,2022-02-08 23:00:00,2383
937,2022-02-09 00:00:00,2340
938,2022-02-09 01:00:00,2486
939,2022-02-09 02:00:00,2871
940,2022-02-09 03:00:00,2273
941,2022-02-09 04:00:00,2385
942,2022-02-09 05:00:00,2436
943,2022-02-09 06:00:00,2530
944,2022-02-09 07:00:00,2736
945,2022-02-09 08:00:00,2568
946,2022-02-09 09:00:00,2414
947,2022-02-09 10:00:00,2741
948,2022-02-09 11:00:00,2826
949,2022-02-09 12:00:00,2610
950,2022-02-09 13:00:00,2312
951,2022-02-09 14:00:00,2581
952,2022-02-09 15:00:00,2043
953,2022-02-09 16:00:00,2626
954,2022-02-09 17:00:00,2428
955,2022-02-09 18:00:00,2460
956,2022-02-09 19:00:00,2541
957,2022-02-09 20:00:00,2195
958,2022-02-09 21:00:00,2139
959,2022-02-09 22:00:00,2946
960,2022-02-09 23:00:00,2799
961,2022-02-10 00:00:00,2592
962,2022-02-10 01:00:00,2439
963,2022-02-10 02:00:00,2344
964,2022-02-10 03:00:00,2088
965,2022-02-10 04:00:00,2883
966,2022-02-10 05:00:00,2465
967,2022-02-10 06:00:00,3000
968,2022-02-10 07:00:00,2373
969,2022-02-10 08:00:00,2906
970,2022-02-10 09:00:00,2229
971,2022-02-10 10:00:00,2369
972,2022-02-10 11:00:00,2248
973,2022-02-10 12:00:00,2396
974,2022-02-10 13:00:00,2625
975,2022-02-10 14:00:00,2464
976,2022-02-10 15:00:00,2895
977,2022-02-10 16:00:00,2661
978,2022-02-10 17:00:00,2983
979,2022-02-10 18:00:00,2910
980,2022-02-10 19:00:00,2666
981,2022-02-10 20:00:00,2747
982,2022-02-10 21:00:00,2408
983,2022-02-10 22:00:00,2611
984,2022-02-10 23:00:00,2593
985,2022-02-11 00:00:00,2010
986,2022-02-11 01:00:00,2036
987,2022-02-11 02:00:00,2373
988,2022-02-11 03:00:00,2395
989,2022-02-11 04:00:00,2284
990,2022-02-11 05:00:00,2587
991,2022-02-11 06:00:00,2947
992,2022-02-11 07:00:00,2306
993,2022-02-11 08:00:00,2791
994,2022-02-11 09:00:00,2906
995,2022-02-11 10:00:00,2327
996,2022-02-11 11:00:00,2150
997,2022-02-11 12:00:00,2888
998,2022-02-11 13:00:00,2037
999,2022-02-11 14:00:00,2629
1000,2022-02-11 15:00:00,2235
